 id ,userid
1,A2LQ76PWRSVNHO
2,A2E7UVT4DV0TSS
3,A25MKC1EAY2TWB
4,A1JQTCK6NZEWVI
5,A6T6NA0R77AH8
6,AC0FCZHIAILXW
7,A123DW9N7O1NBI
8,A1SHVGF3ZUM6CA
9,A298TTGJ598XKA
10,A2B1L470VF39JP
11,AHE7JZSR1V8I8
12,A17ZLK8RWLRKLU
13,A1EZOK9N5DY57Z
14,A1DVPBTE331E68
15,A1D7JGWG6TTYNO
16,A1NNL2II8VFPFU
17,A3KOTQSMAJGLD4
18,AFFMIBHPY76QX
19,A32CFK3EMRL5RE
20,A2LRMVQFYEQLPL
21,A3HE8RITJRTV4U
22,A3LVCQPDH14UT6
23,A973BGGX2UTV6
24,A3VEHMUP14H095
25,A32NLT5UHOAIAN
26,A2C296F7MORSYY
27,A294SIGVTEXBGK
28,AKPCMBPBO2WLE
29,A2QOIN1GOFY9QL
30,A2KSM0NI80FF8J
31,504465313910743233476038551123X04465767270060567104
32,A2JX1E4ZMBN9GR
33,A10E4MEY90DP7X
34,A363VQH4ULZS95
35,A17GSNOYX3AHU8
36,AI6QP2AWIPV9V
37,A2FDCA7XK6PBGE
38,A375YNAYL59EUZ
39,A1TEO6NY4TC04B
40,A2WFE4ILA9AW5C
41,A2SVE56TQMLZ2X
42,A1VY9TRALG1XXH
43,A1P9ZI97DKK1IA
44,AF4SJGST4UP31
45,A1KYRV0I4YVEVH
46,A3LKTIZLD8R0TI
47,A2CA69KQUXKYI7
48,A357WXXF3DYJVW
49,AU4JXKUTF6GS
50,A1DW41QLU1I6B7
51,A1GRHXNIGOYDXF
52,AXYJVD4YJ9WUI
53,A3T3BCYZW300T6
54,A33D9U8VZ8IT7V
55,A3HFIKNADBQMYT
56,A3E8AXGFAQZGIR
57,AFEWJPFMJWUO
58,A2HBRINA3F9YHV
59,A3SMEB1IIGEKB4
60,A1SP1CPFOQ2OYH
61,AFY5K5JGQE98Z
62,A3U15C8Y3VTOEX
63,A15XMJHKH7WIVP
64,A10496Z5T31HQU
65,A21S7ID3MVDM46
66,A18ZXNY3DON6F3
67,A35CRY1M8ES4N1
68,A299FULLU1BT9W
69,A1MN9HW2XQ6N9H
70,A1C7TWSXY2I2M1
71,A3R8DPODKZ286J
72,ANHGGQT4HTEK0
73,A1MFJ14HL803RE
74,A327QKUG23M8EV
75,A1PZX571J8POMU
76,A30UDDRL5GASLA
77,A1ZU76WEHU5X9N
78,A3VUEXFOM61VKH
79,A1BCBUOOG65R4R
80,ATFLW233K16C
81,A1IYVZS07NKQ4M
82,AZXMSA66B8B24
83,A25HTPCSANBXD9
84,A48XQHMUJ9H0
85,AOLQ22OA3HHHK
86,A3S28IMS6G0JLG
87,A2G4QC0GDJNLQO
88,A1X80IXH4A7KJI
89,A1VNT1E29L8NW9
90,A7KSGQCJV75RN
91,A2KMCKECOMW6JG
92,A36BZC8PR7GPEY
93,A1VJ1D977WBNR0
94,A2TS0WC8NZ7KZY
95,A27MVGAJOVPTRB
96,AAJKODC78PO0Y
97,A2UDDJH2V01GQO
98,A3U1M97AKW4TWK
99,A1HK23FZUUHL9J
100,A3HVLNZWIWWDLH
101,AGF9SZB0FOVA1
102,A22SXD0P9T0YSY
103,A38CJZZNH3QB5A
104,A2B7S0YPGOP602
105,A3FUCPN4FDL7PV
106,AS9A6XE61975Q
107,A24LKK9EBGII58
108,AJ2A76DU2L451
109,A28VSY3MSRQV8R
110,A2N4RS853RID5R
111,AUTZR00AF8KEY
112,A3NPEUTAI86NXM
113,A18WDUS85K0Y2P
114,A3N245TM4DW3CA
115,A2OLE4DVMEA7Q0
116,A2IVHLR58AGWHA
117,A1UAZ62E5057HU
118,A2KVNWYQAIYGYJ
119,A3L9VNKH3WHD4V
120,AUVGR56UHGVQ
121,A4O2MKOQWY2EW
122,A3KAF34TGWJ6TU
123,A12EAP0DB8SF59
124,A3NDV7XVYHIN6G
125,A17D77DFID0GZG
126,A2ZOLKKMOMQD8R
127,A1CIEHR4NRG58G
128,A2GZXYXRBJ7049
129,A104FM2A9M1G4R
130,A1U7T3SIXHGJSW
131,A3A40AY0D15SB0
132,A3J8FD2P1HORC9
133,A3D4NRK61CHHBM
134,A2L0DHMQK6PAK2
135,A2F84XT074TOXZ
136,A1Q5QJ40R77OYC
137,A24YM11VCTY9PH
138,A2V2K1N8E9LH7M
139,A11MOP8N7330VP
140,A2L00PK73MX3HW
141,A2QNFOQWF1EFKO
142,A19LQFA5VDYS8O
143,A25VAOQ0RZWIL1
144,A158R4WQGRU0H4
145,AAGAZPKI9PH8A
146,A12AQW9XPYRMKC
147,A28NM0M6OJ9829
148,A3VZONJ3BKIXUG
149,A2GOYF1LH3UVMZ
150,A1656X386VAOF1
151,A3SY8SIGZXORK0
152,A1779MVSRY5BXZ
153,A1JOIK4ORYJWC3
154,AR14H20ESPKDP
155,A3I9TMCCWOA6TK
156,A2CTCB53XJWENS
157,A136H7WDPEWZ5D
158,A36PJKFLXOHBQT
159,A3NW094SBFO9QN
160,A2Y6BKJ0CF1QEJ
161,A2H8YAEJHH89AN
162,A10MI45GVDQXDU
163,A2EUAHK99QCFMF
164,A1O050P3GDW30A
165,A3B8PLT90V7V2C
166,A3TZJOZ7NA022U
167,A3QZGEDYFMF38G
168,A1LIUC718GYMFY
169,A1SK8X8JIEMB7I
170,AL9G3I7RMZCFF
171,A20M1FLAN1HI1W
172,A22ISDJW6L4J6X
173,A2P3LTI3JXKESX
174,AS264TC8QYPGU
175,A1VMBD0BKCVB6B
176,A1G02E96Y4P920
177,A3R0IC1N18N58W
178,AA7OCOLYEJVQD
179,AUTP4UXW01SVV
180,ANB8116ODR6XH
181,AMDB0MMEXACJS
182,A1IIBS8ASAZZ0R
183,AZDCTPWCXEZ4C
184,A1L50Q5M1FJDP4
185,AHQXPCI2XJ6IH
186,A2YCOFSBZK0GPU
187,A3LZBOBV9H1HDV
188,A13LHJM2JM220I
189,A1Y7N4LMFVWOF3
190,A7N3BCFCY2C5M
191,A33D3J8NSUN8F1
192,A36VB1DFV1PWMF
193,A1695PFHTDD0EX
194,A1LTYFJLXU1QKO
195,A25XRZZ17FIRJ1
196,A2RDY9Z10UHSZ
197,A34KMXG1MT5Z2T
198,A31C0RWU4CZ3BW
199,A2BMZL4HK71PYO
200,AS7XV44GJKRKQ
201,A3HZ7ROX3Q5PLY
202,A2KS5EFM120Q4G
203,A32D9YTK0B3HX1